RegionName,RegionType,StateName,State,City,Metro,CountyName,Average_Cost,Year,Borough
11201,Zip,NY,NY,New York,New York-Newark-Jersey City,Kings County,868703.4167,2011,Brooklyn
11201,Zip,NY,NY,New York,New York-Newark-Jersey City,Kings County,905230.5,2012,Brooklyn
11201,Zip,NY,NY,New York,New York-Newark-Jersey City,Kings County,997119.4167,2013,Brooklyn
11201,Zip,NY,NY,New York,New York-Newark-Jersey City,Kings County,1164063.667,2014,Brooklyn
11201,Zip,NY,NY,New York,New York-Newark-Jersey City,Kings County,1299975.833,2015,Brooklyn
11201,Zip,NY,NY,New York,New York-Newark-Jersey City,Kings County,1349034.333,2016,Brooklyn
11201,Zip,NY,NY,New York,New York-Newark-Jersey City,Kings County,1254562,2017,Brooklyn
11201,Zip,NY,NY,New York,New York-Newark-Jersey City,Kings County,1244038.333,2018,Brooklyn
11201,Zip,NY,NY,New York,New York-Newark-Jersey City,Kings County,1314791.083,2019,Brooklyn
11203,Zip,NY,NY,New York,New York-Newark-Jersey City,Kings County,377014.3333,2011,Brooklyn
11203,Zip,NY,NY,New York,New York-Newark-Jersey City,Kings County,366082.1667,2012,Brooklyn
11203,Zip,NY,NY,New York,New York-Newark-Jersey City,Kings County,377796.5,2013,Brooklyn
11203,Zip,NY,NY,New York,New York-Newark-Jersey City,Kings County,402326.3333,2014,Brooklyn
11203,Zip,NY,NY,New York,New York-Newark-Jersey City,Kings County,420032.5,2015,Brooklyn
11203,Zip,NY,NY,New York,New York-Newark-Jersey City,Kings County,464462,2016,Brooklyn
11203,Zip,NY,NY,New York,New York-Newark-Jersey City,Kings County,498367,2017,Brooklyn
11203,Zip,NY,NY,New York,New York-Newark-Jersey City,Kings County,542366.6667,2018,Brooklyn
11203,Zip,NY,NY,New York,New York-Newark-Jersey City,Kings County,573470.5833,2019,Brooklyn
11204,Zip,NY,NY,New York,New York-Newark-Jersey City,Kings County,562835.75,2011,Brooklyn
11204,Zip,NY,NY,New York,New York-Newark-Jersey City,Kings County,573083.4167,2012,Brooklyn
11204,Zip,NY,NY,New York,New York-Newark-Jersey City,Kings County,611890.1667,2013,Brooklyn
11204,Zip,NY,NY,New York,New York-Newark-Jersey City,Kings County,677301.75,2014,Brooklyn
11204,Zip,NY,NY,New York,New York-Newark-Jersey City,Kings County,730665.25,2015,Brooklyn
11204,Zip,NY,NY,New York,New York-Newark-Jersey City,Kings County,798889.25,2016,Brooklyn
11204,Zip,NY,NY,New York,New York-Newark-Jersey City,Kings County,863889.75,2017,Brooklyn
11204,Zip,NY,NY,New York,New York-Newark-Jersey City,Kings County,910299.4167,2018,Brooklyn
11204,Zip,NY,NY,New York,New York-Newark-Jersey City,Kings County,926976.75,2019,Brooklyn
11205,Zip,NY,NY,New York,New York-Newark-Jersey City,Kings County,542710.5833,2011,Brooklyn
11205,Zip,NY,NY,New York,New York-Newark-Jersey City,Kings County,553850.5,2012,Brooklyn
11205,Zip,NY,NY,New York,New York-Newark-Jersey City,Kings County,602359.5,2013,Brooklyn
11205,Zip,NY,NY,New York,New York-Newark-Jersey City,Kings County,683255.6667,2014,Brooklyn
11205,Zip,NY,NY,New York,New York-Newark-Jersey City,Kings County,747361.0833,2015,Brooklyn
11205,Zip,NY,NY,New York,New York-Newark-Jersey City,Kings County,802358.75,2016,Brooklyn
11205,Zip,NY,NY,New York,New York-Newark-Jersey City,Kings County,833396.5,2017,Brooklyn
11205,Zip,NY,NY,New York,New York-Newark-Jersey City,Kings County,884910.25,2018,Brooklyn
11205,Zip,NY,NY,New York,New York-Newark-Jersey City,Kings County,947753.5833,2019,Brooklyn
11206,Zip,NY,NY,New York,New York-Newark-Jersey City,Kings County,596780.6667,2011,Brooklyn
11206,Zip,NY,NY,New York,New York-Newark-Jersey City,Kings County,656735.6667,2012,Brooklyn
11206,Zip,NY,NY,New York,New York-Newark-Jersey City,Kings County,708272.5,2013,Brooklyn
11206,Zip,NY,NY,New York,New York-Newark-Jersey City,Kings County,809431.25,2014,Brooklyn
11206,Zip,NY,NY,New York,New York-Newark-Jersey City,Kings County,874464.5,2015,Brooklyn
11206,Zip,NY,NY,New York,New York-Newark-Jersey City,Kings County,887095.0833,2016,Brooklyn
11206,Zip,NY,NY,New York,New York-Newark-Jersey City,Kings County,932041.25,2017,Brooklyn
11206,Zip,NY,NY,New York,New York-Newark-Jersey City,Kings County,962934.9167,2018,Brooklyn
11206,Zip,NY,NY,New York,New York-Newark-Jersey City,Kings County,933838.6667,2019,Brooklyn
11207,Zip,NY,NY,New York,New York-Newark-Jersey City,Kings County,316928.8333,2011,Brooklyn
11207,Zip,NY,NY,New York,New York-Newark-Jersey City,Kings County,309507.75,2012,Brooklyn
11207,Zip,NY,NY,New York,New York-Newark-Jersey City,Kings County,320079.8333,2013,Brooklyn
11207,Zip,NY,NY,New York,New York-Newark-Jersey City,Kings County,341672.3333,2014,Brooklyn
11207,Zip,NY,NY,New York,New York-Newark-Jersey City,Kings County,359123.3333,2015,Brooklyn
11207,Zip,NY,NY,New York,New York-Newark-Jersey City,Kings County,382031.25,2016,Brooklyn
11207,Zip,NY,NY,New York,New York-Newark-Jersey City,Kings County,416132.9167,2017,Brooklyn
11207,Zip,NY,NY,New York,New York-Newark-Jersey City,Kings County,440193.6667,2018,Brooklyn
11207,Zip,NY,NY,New York,New York-Newark-Jersey City,Kings County,465354.5833,2019,Brooklyn
11208,Zip,NY,NY,New York,New York-Newark-Jersey City,Kings County,342757.5833,2011,Brooklyn
11208,Zip,NY,NY,New York,New York-Newark-Jersey City,Kings County,337029,2012,Brooklyn
11208,Zip,NY,NY,New York,New York-Newark-Jersey City,Kings County,352927.6667,2013,Brooklyn
11208,Zip,NY,NY,New York,New York-Newark-Jersey City,Kings County,382311.8333,2014,Brooklyn
11208,Zip,NY,NY,New York,New York-Newark-Jersey City,Kings County,402866.0833,2015,Brooklyn
11208,Zip,NY,NY,New York,New York-Newark-Jersey City,Kings County,443090.5,2016,Brooklyn
11208,Zip,NY,NY,New York,New York-Newark-Jersey City,Kings County,489520,2017,Brooklyn
11208,Zip,NY,NY,New York,New York-Newark-Jersey City,Kings County,512211.75,2018,Brooklyn
11208,Zip,NY,NY,New York,New York-Newark-Jersey City,Kings County,542439.8333,2019,Brooklyn
11209,Zip,NY,NY,New York,New York-Newark-Jersey City,Kings County,594710.4167,2011,Brooklyn
11209,Zip,NY,NY,New York,New York-Newark-Jersey City,Kings County,608460.75,2012,Brooklyn
11209,Zip,NY,NY,New York,New York-Newark-Jersey City,Kings County,648587.5833,2013,Brooklyn
11209,Zip,NY,NY,New York,New York-Newark-Jersey City,Kings County,710227.3333,2014,Brooklyn
11209,Zip,NY,NY,New York,New York-Newark-Jersey City,Kings County,758653.4167,2015,Brooklyn
11209,Zip,NY,NY,New York,New York-Newark-Jersey City,Kings County,833673.0833,2016,Brooklyn
11209,Zip,NY,NY,New York,New York-Newark-Jersey City,Kings County,896782.6667,2017,Brooklyn
11209,Zip,NY,NY,New York,New York-Newark-Jersey City,Kings County,934917.75,2018,Brooklyn
11209,Zip,NY,NY,New York,New York-Newark-Jersey City,Kings County,957023.8333,2019,Brooklyn
11210,Zip,NY,NY,New York,New York-Newark-Jersey City,Kings County,484358.1667,2011,Brooklyn
11210,Zip,NY,NY,New York,New York-Newark-Jersey City,Kings County,486824.25,2012,Brooklyn
11210,Zip,NY,NY,New York,New York-Newark-Jersey City,Kings County,506649.5833,2013,Brooklyn
11210,Zip,NY,NY,New York,New York-Newark-Jersey City,Kings County,555934.6667,2014,Brooklyn
11210,Zip,NY,NY,New York,New York-Newark-Jersey City,Kings County,595749.1667,2015,Brooklyn
11210,Zip,NY,NY,New York,New York-Newark-Jersey City,Kings County,645793.25,2016,Brooklyn
11210,Zip,NY,NY,New York,New York-Newark-Jersey City,Kings County,707873.4167,2017,Brooklyn
11210,Zip,NY,NY,New York,New York-Newark-Jersey City,Kings County,764083,2018,Brooklyn
11210,Zip,NY,NY,New York,New York-Newark-Jersey City,Kings County,782219.5833,2019,Brooklyn
11211,Zip,NY,NY,New York,New York-Newark-Jersey City,Kings County,575831.6667,2011,Brooklyn
11211,Zip,NY,NY,New York,New York-Newark-Jersey City,Kings County,619889.6667,2012,Brooklyn
11211,Zip,NY,NY,New York,New York-Newark-Jersey City,Kings County,725738.25,2013,Brooklyn
11211,Zip,NY,NY,New York,New York-Newark-Jersey City,Kings County,861360.1667,2014,Brooklyn
11211,Zip,NY,NY,New York,New York-Newark-Jersey City,Kings County,983683.5,2015,Brooklyn
11211,Zip,NY,NY,New York,New York-Newark-Jersey City,Kings County,942668.2,2016,Brooklyn
11211,Zip,NY,NY,New York,New York-Newark-Jersey City,Kings County,943260.5,2017,Brooklyn
11211,Zip,NY,NY,New York,New York-Newark-Jersey City,Kings County,971831.5,2018,Brooklyn
11211,Zip,NY,NY,New York,New York-Newark-Jersey City,Kings County,997239.0833,2019,Brooklyn
11212,Zip,NY,NY,New York,New York-Newark-Jersey City,Kings County,326798.25,2011,Brooklyn
11212,Zip,NY,NY,New York,New York-Newark-Jersey City,Kings County,304502.5,2012,Brooklyn
11212,Zip,NY,NY,New York,New York-Newark-Jersey City,Kings County,308941.3333,2013,Brooklyn
11212,Zip,NY,NY,New York,New York-Newark-Jersey City,Kings County,325688.25,2014,Brooklyn
11212,Zip,NY,NY,New York,New York-Newark-Jersey City,Kings County,336305.1667,2015,Brooklyn
11212,Zip,NY,NY,New York,New York-Newark-Jersey City,Kings County,359851,2016,Brooklyn
11212,Zip,NY,NY,New York,New York-Newark-Jersey City,Kings County,404848.0833,2017,Brooklyn
11212,Zip,NY,NY,New York,New York-Newark-Jersey City,Kings County,447070.9167,2018,Brooklyn
11212,Zip,NY,NY,New York,New York-Newark-Jersey City,Kings County,478244.5833,2019,Brooklyn
11213,Zip,NY,NY,New York,New York-Newark-Jersey City,Kings County,516399,2011,Brooklyn
11213,Zip,NY,NY,New York,New York-Newark-Jersey City,Kings County,536289.0833,2012,Brooklyn
11213,Zip,NY,NY,New York,New York-Newark-Jersey City,Kings County,596213.0833,2013,Brooklyn
11213,Zip,NY,NY,New York,New York-Newark-Jersey City,Kings County,666719.9167,2014,Brooklyn
11213,Zip,NY,NY,New York,New York-Newark-Jersey City,Kings County,813294.0833,2015,Brooklyn
11213,Zip,NY,NY,New York,New York-Newark-Jersey City,Kings County,901226.8333,2016,Brooklyn
11213,Zip,NY,NY,New York,New York-Newark-Jersey City,Kings County,936170.5,2017,Brooklyn
11213,Zip,NY,NY,New York,New York-Newark-Jersey City,Kings County,974113.1667,2018,Brooklyn
11213,Zip,NY,NY,New York,New York-Newark-Jersey City,Kings County,976206.4167,2019,Brooklyn
11214,Zip,NY,NY,New York,New York-Newark-Jersey City,Kings County,438853.8333,2011,Brooklyn
11214,Zip,NY,NY,New York,New York-Newark-Jersey City,Kings County,443926.1667,2012,Brooklyn
11214,Zip,NY,NY,New York,New York-Newark-Jersey City,Kings County,467870,2013,Brooklyn
11214,Zip,NY,NY,New York,New York-Newark-Jersey City,Kings County,504936.0833,2014,Brooklyn
11214,Zip,NY,NY,New York,New York-Newark-Jersey City,Kings County,545242.6667,2015,Brooklyn
11214,Zip,NY,NY,New York,New York-Newark-Jersey City,Kings County,580488.5833,2016,Brooklyn
11214,Zip,NY,NY,New York,New York-Newark-Jersey City,Kings County,614703.0833,2017,Brooklyn
11214,Zip,NY,NY,New York,New York-Newark-Jersey City,Kings County,653677.25,2018,Brooklyn
11214,Zip,NY,NY,New York,New York-Newark-Jersey City,Kings County,672237.9167,2019,Brooklyn
11215,Zip,NY,NY,New York,New York-Newark-Jersey City,Kings County,907082.5833,2011,Brooklyn
11215,Zip,NY,NY,New York,New York-Newark-Jersey City,Kings County,944928.3333,2012,Brooklyn
11215,Zip,NY,NY,New York,New York-Newark-Jersey City,Kings County,1047276.167,2013,Brooklyn
11215,Zip,NY,NY,New York,New York-Newark-Jersey City,Kings County,1249170.917,2014,Brooklyn
11215,Zip,NY,NY,New York,New York-Newark-Jersey City,Kings County,1381903.167,2015,Brooklyn
11215,Zip,NY,NY,New York,New York-Newark-Jersey City,Kings County,1460717.917,2016,Brooklyn
11215,Zip,NY,NY,New York,New York-Newark-Jersey City,Kings County,1443373.917,2017,Brooklyn
11215,Zip,NY,NY,New York,New York-Newark-Jersey City,Kings County,1400984.917,2018,Brooklyn
11215,Zip,NY,NY,New York,New York-Newark-Jersey City,Kings County,1424202.417,2019,Brooklyn
11216,Zip,NY,NY,New York,New York-Newark-Jersey City,Kings County,445568.4167,2011,Brooklyn
11216,Zip,NY,NY,New York,New York-Newark-Jersey City,Kings County,486331.8333,2012,Brooklyn
11216,Zip,NY,NY,New York,New York-Newark-Jersey City,Kings County,587614.4167,2013,Brooklyn
11216,Zip,NY,NY,New York,New York-Newark-Jersey City,Kings County,779907,2014,Brooklyn
11216,Zip,NY,NY,New York,New York-Newark-Jersey City,Kings County,928291.4167,2015,Brooklyn
11216,Zip,NY,NY,New York,New York-Newark-Jersey City,Kings County,1013658.333,2016,Brooklyn
11216,Zip,NY,NY,New York,New York-Newark-Jersey City,Kings County,1030699.167,2017,Brooklyn
11216,Zip,NY,NY,New York,New York-Newark-Jersey City,Kings County,1096424.917,2018,Brooklyn
11216,Zip,NY,NY,New York,New York-Newark-Jersey City,Kings County,1095448.25,2019,Brooklyn
11217,Zip,NY,NY,New York,New York-Newark-Jersey City,Kings County,912062.3333,2011,Brooklyn
11217,Zip,NY,NY,New York,New York-Newark-Jersey City,Kings County,953021.25,2012,Brooklyn
11217,Zip,NY,NY,New York,New York-Newark-Jersey City,Kings County,1063211.25,2013,Brooklyn
11217,Zip,NY,NY,New York,New York-Newark-Jersey City,Kings County,1267873.917,2014,Brooklyn
11217,Zip,NY,NY,New York,New York-Newark-Jersey City,Kings County,1396465.333,2015,Brooklyn
11217,Zip,NY,NY,New York,New York-Newark-Jersey City,Kings County,1472307.583,2016,Brooklyn
11217,Zip,NY,NY,New York,New York-Newark-Jersey City,Kings County,1471335.5,2017,Brooklyn
11217,Zip,NY,NY,New York,New York-Newark-Jersey City,Kings County,1465928.25,2018,Brooklyn
11217,Zip,NY,NY,New York,New York-Newark-Jersey City,Kings County,1479339.833,2019,Brooklyn
11218,Zip,NY,NY,New York,New York-Newark-Jersey City,Kings County,527406,2011,Brooklyn
11218,Zip,NY,NY,New York,New York-Newark-Jersey City,Kings County,536733.9167,2012,Brooklyn
11218,Zip,NY,NY,New York,New York-Newark-Jersey City,Kings County,578195.8333,2013,Brooklyn
11218,Zip,NY,NY,New York,New York-Newark-Jersey City,Kings County,649501.1667,2014,Brooklyn
11218,Zip,NY,NY,New York,New York-Newark-Jersey City,Kings County,732821,2015,Brooklyn
11218,Zip,NY,NY,New York,New York-Newark-Jersey City,Kings County,796875,2016,Brooklyn
11218,Zip,NY,NY,New York,New York-Newark-Jersey City,Kings County,866153.1667,2017,Brooklyn
11218,Zip,NY,NY,New York,New York-Newark-Jersey City,Kings County,916980.0833,2018,Brooklyn
11218,Zip,NY,NY,New York,New York-Newark-Jersey City,Kings County,971800.5,2019,Brooklyn
11219,Zip,NY,NY,New York,New York-Newark-Jersey City,Kings County,503639.75,2011,Brooklyn
11219,Zip,NY,NY,New York,New York-Newark-Jersey City,Kings County,523831.8333,2012,Brooklyn
11219,Zip,NY,NY,New York,New York-Newark-Jersey City,Kings County,555703.6667,2013,Brooklyn
11219,Zip,NY,NY,New York,New York-Newark-Jersey City,Kings County,605471.75,2014,Brooklyn
11219,Zip,NY,NY,New York,New York-Newark-Jersey City,Kings County,655033.4167,2015,Brooklyn
11219,Zip,NY,NY,New York,New York-Newark-Jersey City,Kings County,707930.5,2016,Brooklyn
11219,Zip,NY,NY,New York,New York-Newark-Jersey City,Kings County,775948.3333,2017,Brooklyn
11219,Zip,NY,NY,New York,New York-Newark-Jersey City,Kings County,825719.8333,2018,Brooklyn
11219,Zip,NY,NY,New York,New York-Newark-Jersey City,Kings County,834187.1667,2019,Brooklyn
11220,Zip,NY,NY,New York,New York-Newark-Jersey City,Kings County,466924.6667,2011,Brooklyn
11220,Zip,NY,NY,New York,New York-Newark-Jersey City,Kings County,480125.6667,2012,Brooklyn
11220,Zip,NY,NY,New York,New York-Newark-Jersey City,Kings County,511780.9167,2013,Brooklyn
11220,Zip,NY,NY,New York,New York-Newark-Jersey City,Kings County,558361.75,2014,Brooklyn
11220,Zip,NY,NY,New York,New York-Newark-Jersey City,Kings County,616654,2015,Brooklyn
11220,Zip,NY,NY,New York,New York-Newark-Jersey City,Kings County,676780.4167,2016,Brooklyn
11220,Zip,NY,NY,New York,New York-Newark-Jersey City,Kings County,736290.9167,2017,Brooklyn
11220,Zip,NY,NY,New York,New York-Newark-Jersey City,Kings County,763033,2018,Brooklyn
11220,Zip,NY,NY,New York,New York-Newark-Jersey City,Kings County,774809.25,2019,Brooklyn
11221,Zip,NY,NY,New York,New York-Newark-Jersey City,Kings County,438000.6667,2011,Brooklyn
11221,Zip,NY,NY,New York,New York-Newark-Jersey City,Kings County,469117.8333,2012,Brooklyn
11221,Zip,NY,NY,New York,New York-Newark-Jersey City,Kings County,537190.4167,2013,Brooklyn
11221,Zip,NY,NY,New York,New York-Newark-Jersey City,Kings County,686118.5,2014,Brooklyn
11221,Zip,NY,NY,New York,New York-Newark-Jersey City,Kings County,827979.5833,2015,Brooklyn
11221,Zip,NY,NY,New York,New York-Newark-Jersey City,Kings County,918863.8333,2016,Brooklyn
11221,Zip,NY,NY,New York,New York-Newark-Jersey City,Kings County,966306.3333,2017,Brooklyn
11221,Zip,NY,NY,New York,New York-Newark-Jersey City,Kings County,1037541.25,2018,Brooklyn
11221,Zip,NY,NY,New York,New York-Newark-Jersey City,Kings County,1041435.5,2019,Brooklyn
11222,Zip,NY,NY,New York,New York-Newark-Jersey City,Kings County,539919.3333,2011,Brooklyn
11222,Zip,NY,NY,New York,New York-Newark-Jersey City,Kings County,582838,2012,Brooklyn
11222,Zip,NY,NY,New York,New York-Newark-Jersey City,Kings County,694473.3333,2013,Brooklyn
11222,Zip,NY,NY,New York,New York-Newark-Jersey City,Kings County,825241.3333,2014,Brooklyn
11222,Zip,NY,NY,New York,New York-Newark-Jersey City,Kings County,953023.0833,2015,Brooklyn
11222,Zip,NY,NY,New York,New York-Newark-Jersey City,Kings County,992841.8333,2016,Brooklyn
11222,Zip,NY,NY,New York,New York-Newark-Jersey City,Kings County,1001854.5,2017,Brooklyn
11222,Zip,NY,NY,New York,New York-Newark-Jersey City,Kings County,1016256.75,2018,Brooklyn
11222,Zip,NY,NY,New York,New York-Newark-Jersey City,Kings County,1022323.25,2019,Brooklyn
11223,Zip,NY,NY,New York,New York-Newark-Jersey City,Kings County,581926.25,2011,Brooklyn
11223,Zip,NY,NY,New York,New York-Newark-Jersey City,Kings County,579754.0833,2012,Brooklyn
11223,Zip,NY,NY,New York,New York-Newark-Jersey City,Kings County,613381.5,2013,Brooklyn
11223,Zip,NY,NY,New York,New York-Newark-Jersey City,Kings County,680576.75,2014,Brooklyn
11223,Zip,NY,NY,New York,New York-Newark-Jersey City,Kings County,732296.75,2015,Brooklyn
11223,Zip,NY,NY,New York,New York-Newark-Jersey City,Kings County,788278,2016,Brooklyn
11223,Zip,NY,NY,New York,New York-Newark-Jersey City,Kings County,849073.9167,2017,Brooklyn
11223,Zip,NY,NY,New York,New York-Newark-Jersey City,Kings County,902493.9167,2018,Brooklyn
11223,Zip,NY,NY,New York,New York-Newark-Jersey City,Kings County,925197.6667,2019,Brooklyn
11224,Zip,NY,NY,New York,New York-Newark-Jersey City,Kings County,479864.6667,2011,Brooklyn
11224,Zip,NY,NY,New York,New York-Newark-Jersey City,Kings County,485333.1667,2012,Brooklyn
11224,Zip,NY,NY,New York,New York-Newark-Jersey City,Kings County,483898.5,2013,Brooklyn
11224,Zip,NY,NY,New York,New York-Newark-Jersey City,Kings County,505158.8333,2014,Brooklyn
11224,Zip,NY,NY,New York,New York-Newark-Jersey City,Kings County,535480.6667,2015,Brooklyn
11224,Zip,NY,NY,New York,New York-Newark-Jersey City,Kings County,570239.9167,2016,Brooklyn
11224,Zip,NY,NY,New York,New York-Newark-Jersey City,Kings County,603174.75,2017,Brooklyn
11224,Zip,NY,NY,New York,New York-Newark-Jersey City,Kings County,608490.75,2018,Brooklyn
11224,Zip,NY,NY,New York,New York-Newark-Jersey City,Kings County,635170.6,2019,Brooklyn
11225,Zip,NY,NY,New York,New York-Newark-Jersey City,Kings County,589356.25,2011,Brooklyn
11225,Zip,NY,NY,New York,New York-Newark-Jersey City,Kings County,634612.25,2012,Brooklyn
11225,Zip,NY,NY,New York,New York-Newark-Jersey City,Kings County,737916,2013,Brooklyn
11225,Zip,NY,NY,New York,New York-Newark-Jersey City,Kings County,874599.75,2014,Brooklyn
11225,Zip,NY,NY,New York,New York-Newark-Jersey City,Kings County,1072052,2015,Brooklyn
11225,Zip,NY,NY,New York,New York-Newark-Jersey City,Kings County,1183490.667,2016,Brooklyn
11225,Zip,NY,NY,New York,New York-Newark-Jersey City,Kings County,1230506.333,2017,Brooklyn
11225,Zip,NY,NY,New York,New York-Newark-Jersey City,Kings County,1251163.667,2018,Brooklyn
11225,Zip,NY,NY,New York,New York-Newark-Jersey City,Kings County,1300973.5,2019,Brooklyn
11226,Zip,NY,NY,New York,New York-Newark-Jersey City,Kings County,484554.6667,2011,Brooklyn
11226,Zip,NY,NY,New York,New York-Newark-Jersey City,Kings County,499778,2012,Brooklyn
11226,Zip,NY,NY,New York,New York-Newark-Jersey City,Kings County,523859.5833,2013,Brooklyn
11226,Zip,NY,NY,New York,New York-Newark-Jersey City,Kings County,570345.0833,2014,Brooklyn
11226,Zip,NY,NY,New York,New York-Newark-Jersey City,Kings County,647968.75,2015,Brooklyn
11226,Zip,NY,NY,New York,New York-Newark-Jersey City,Kings County,703350,2016,Brooklyn
11226,Zip,NY,NY,New York,New York-Newark-Jersey City,Kings County,757444.4167,2017,Brooklyn
11226,Zip,NY,NY,New York,New York-Newark-Jersey City,Kings County,786336.25,2018,Brooklyn
11226,Zip,NY,NY,New York,New York-Newark-Jersey City,Kings County,834150.6667,2019,Brooklyn
11228,Zip,NY,NY,New York,New York-Newark-Jersey City,Kings County,627111.75,2011,Brooklyn
11228,Zip,NY,NY,New York,New York-Newark-Jersey City,Kings County,634137.5,2012,Brooklyn
11228,Zip,NY,NY,New York,New York-Newark-Jersey City,Kings County,671579.9167,2013,Brooklyn
11228,Zip,NY,NY,New York,New York-Newark-Jersey City,Kings County,747099.0833,2014,Brooklyn
11228,Zip,NY,NY,New York,New York-Newark-Jersey City,Kings County,809107.8333,2015,Brooklyn
11228,Zip,NY,NY,New York,New York-Newark-Jersey City,Kings County,868599.5,2016,Brooklyn
11228,Zip,NY,NY,New York,New York-Newark-Jersey City,Kings County,920607.3333,2017,Brooklyn
11228,Zip,NY,NY,New York,New York-Newark-Jersey City,Kings County,955627.6667,2018,Brooklyn
11228,Zip,NY,NY,New York,New York-Newark-Jersey City,Kings County,973608.5833,2019,Brooklyn
11229,Zip,NY,NY,New York,New York-Newark-Jersey City,Kings County,466987.8333,2011,Brooklyn
11229,Zip,NY,NY,New York,New York-Newark-Jersey City,Kings County,471338,2012,Brooklyn
11229,Zip,NY,NY,New York,New York-Newark-Jersey City,Kings County,489439.3333,2013,Brooklyn
11229,Zip,NY,NY,New York,New York-Newark-Jersey City,Kings County,525969.6667,2014,Brooklyn
11229,Zip,NY,NY,New York,New York-Newark-Jersey City,Kings County,556055.5,2015,Brooklyn
11229,Zip,NY,NY,New York,New York-Newark-Jersey City,Kings County,600923,2016,Brooklyn
11229,Zip,NY,NY,New York,New York-Newark-Jersey City,Kings County,649507.4167,2017,Brooklyn
11229,Zip,NY,NY,New York,New York-Newark-Jersey City,Kings County,691427.3333,2018,Brooklyn
11229,Zip,NY,NY,New York,New York-Newark-Jersey City,Kings County,724010.5833,2019,Brooklyn
11230,Zip,NY,NY,New York,New York-Newark-Jersey City,Kings County,669634.5833,2011,Brooklyn
11230,Zip,NY,NY,New York,New York-Newark-Jersey City,Kings County,675955.9167,2012,Brooklyn
11230,Zip,NY,NY,New York,New York-Newark-Jersey City,Kings County,714079.5,2013,Brooklyn
11230,Zip,NY,NY,New York,New York-Newark-Jersey City,Kings County,787112.3333,2014,Brooklyn
11230,Zip,NY,NY,New York,New York-Newark-Jersey City,Kings County,850132,2015,Brooklyn
11230,Zip,NY,NY,New York,New York-Newark-Jersey City,Kings County,926214.75,2016,Brooklyn
11230,Zip,NY,NY,New York,New York-Newark-Jersey City,Kings County,969583,2017,Brooklyn
11230,Zip,NY,NY,New York,New York-Newark-Jersey City,Kings County,1011123.25,2018,Brooklyn
11230,Zip,NY,NY,New York,New York-Newark-Jersey City,Kings County,1072727.167,2019,Brooklyn
11231,Zip,NY,NY,New York,New York-Newark-Jersey City,Kings County,889567,2011,Brooklyn
11231,Zip,NY,NY,New York,New York-Newark-Jersey City,Kings County,924989.3333,2012,Brooklyn
11231,Zip,NY,NY,New York,New York-Newark-Jersey City,Kings County,1018543.5,2013,Brooklyn
11231,Zip,NY,NY,New York,New York-Newark-Jersey City,Kings County,1185442.417,2014,Brooklyn
11231,Zip,NY,NY,New York,New York-Newark-Jersey City,Kings County,1317670.167,2015,Brooklyn
11231,Zip,NY,NY,New York,New York-Newark-Jersey City,Kings County,1406918.667,2016,Brooklyn
11231,Zip,NY,NY,New York,New York-Newark-Jersey City,Kings County,1421377.75,2017,Brooklyn
11231,Zip,NY,NY,New York,New York-Newark-Jersey City,Kings County,1415169.583,2018,Brooklyn
11231,Zip,NY,NY,New York,New York-Newark-Jersey City,Kings County,1417026.583,2019,Brooklyn
11232,Zip,NY,NY,New York,New York-Newark-Jersey City,Kings County,456713.9167,2011,Brooklyn
11232,Zip,NY,NY,New York,New York-Newark-Jersey City,Kings County,462035.0833,2012,Brooklyn
11232,Zip,NY,NY,New York,New York-Newark-Jersey City,Kings County,493023.4167,2013,Brooklyn
11232,Zip,NY,NY,New York,New York-Newark-Jersey City,Kings County,548716.9167,2014,Brooklyn
11232,Zip,NY,NY,New York,New York-Newark-Jersey City,Kings County,628954.5833,2015,Brooklyn
11232,Zip,NY,NY,New York,New York-Newark-Jersey City,Kings County,696159.75,2016,Brooklyn
11232,Zip,NY,NY,New York,New York-Newark-Jersey City,Kings County,746667.3333,2017,Brooklyn
11232,Zip,NY,NY,New York,New York-Newark-Jersey City,Kings County,746264,2018,Brooklyn
11232,Zip,NY,NY,New York,New York-Newark-Jersey City,Kings County,758868.5833,2019,Brooklyn
11233,Zip,NY,NY,New York,New York-Newark-Jersey City,Kings County,377097.8333,2011,Brooklyn
11233,Zip,NY,NY,New York,New York-Newark-Jersey City,Kings County,399359.6667,2012,Brooklyn
11233,Zip,NY,NY,New York,New York-Newark-Jersey City,Kings County,453065.1667,2013,Brooklyn
11233,Zip,NY,NY,New York,New York-Newark-Jersey City,Kings County,545852,2014,Brooklyn
11233,Zip,NY,NY,New York,New York-Newark-Jersey City,Kings County,632314.25,2015,Brooklyn
11233,Zip,NY,NY,New York,New York-Newark-Jersey City,Kings County,686133.8333,2016,Brooklyn
11233,Zip,NY,NY,New York,New York-Newark-Jersey City,Kings County,744645,2017,Brooklyn
11233,Zip,NY,NY,New York,New York-Newark-Jersey City,Kings County,771362.0833,2018,Brooklyn
11233,Zip,NY,NY,New York,New York-Newark-Jersey City,Kings County,790621.5,2019,Brooklyn
11234,Zip,NY,NY,New York,New York-Newark-Jersey City,Kings County,469121.5,2011,Brooklyn
11234,Zip,NY,NY,New York,New York-Newark-Jersey City,Kings County,461303.4167,2012,Brooklyn
11234,Zip,NY,NY,New York,New York-Newark-Jersey City,Kings County,464805.5833,2013,Brooklyn
11234,Zip,NY,NY,New York,New York-Newark-Jersey City,Kings County,492879.1667,2014,Brooklyn
11234,Zip,NY,NY,New York,New York-Newark-Jersey City,Kings County,516186.6667,2015,Brooklyn
11234,Zip,NY,NY,New York,New York-Newark-Jersey City,Kings County,545735.1667,2016,Brooklyn
11234,Zip,NY,NY,New York,New York-Newark-Jersey City,Kings County,577669.4167,2017,Brooklyn
11234,Zip,NY,NY,New York,New York-Newark-Jersey City,Kings County,622155.8333,2018,Brooklyn
11234,Zip,NY,NY,New York,New York-Newark-Jersey City,Kings County,639950,2019,Brooklyn
11235,Zip,NY,NY,New York,New York-Newark-Jersey City,Kings County,426049,2011,Brooklyn
11235,Zip,NY,NY,New York,New York-Newark-Jersey City,Kings County,426177.75,2012,Brooklyn
11235,Zip,NY,NY,New York,New York-Newark-Jersey City,Kings County,439332.5833,2013,Brooklyn
11235,Zip,NY,NY,New York,New York-Newark-Jersey City,Kings County,465234.75,2014,Brooklyn
11235,Zip,NY,NY,New York,New York-Newark-Jersey City,Kings County,495068.4167,2015,Brooklyn
11235,Zip,NY,NY,New York,New York-Newark-Jersey City,Kings County,508661.6667,2016,Brooklyn
11235,Zip,NY,NY,New York,New York-Newark-Jersey City,Kings County,536055.9167,2017,Brooklyn
11235,Zip,NY,NY,New York,New York-Newark-Jersey City,Kings County,588736.75,2018,Brooklyn
11235,Zip,NY,NY,New York,New York-Newark-Jersey City,Kings County,605557.1667,2019,Brooklyn
11236,Zip,NY,NY,New York,New York-Newark-Jersey City,Kings County,388939,2011,Brooklyn
11236,Zip,NY,NY,New York,New York-Newark-Jersey City,Kings County,379865.9167,2012,Brooklyn
11236,Zip,NY,NY,New York,New York-Newark-Jersey City,Kings County,387501.0833,2013,Brooklyn
11236,Zip,NY,NY,New York,New York-Newark-Jersey City,Kings County,400456.75,2014,Brooklyn
11236,Zip,NY,NY,New York,New York-Newark-Jersey City,Kings County,410588.5833,2015,Brooklyn
11236,Zip,NY,NY,New York,New York-Newark-Jersey City,Kings County,430621.0833,2016,Brooklyn
11236,Zip,NY,NY,New York,New York-Newark-Jersey City,Kings County,464845.25,2017,Brooklyn
11236,Zip,NY,NY,New York,New York-Newark-Jersey City,Kings County,516382.6667,2018,Brooklyn
11236,Zip,NY,NY,New York,New York-Newark-Jersey City,Kings County,544411.1667,2019,Brooklyn
11237,Zip,NY,NY,New York,New York-Newark-Jersey City,Kings County,387543.5,2011,Brooklyn
11237,Zip,NY,NY,New York,New York-Newark-Jersey City,Kings County,418406.5,2012,Brooklyn
11237,Zip,NY,NY,New York,New York-Newark-Jersey City,Kings County,474056.9167,2013,Brooklyn
11237,Zip,NY,NY,New York,New York-Newark-Jersey City,Kings County,573315.75,2014,Brooklyn
11237,Zip,NY,NY,New York,New York-Newark-Jersey City,Kings County,716185.8333,2015,Brooklyn
11237,Zip,NY,NY,New York,New York-Newark-Jersey City,Kings County,799452.1667,2016,Brooklyn
11237,Zip,NY,NY,New York,New York-Newark-Jersey City,Kings County,833128.5833,2017,Brooklyn
11237,Zip,NY,NY,New York,New York-Newark-Jersey City,Kings County,855145.75,2018,Brooklyn
11237,Zip,NY,NY,New York,New York-Newark-Jersey City,Kings County,860824.8333,2019,Brooklyn
11238,Zip,NY,NY,New York,New York-Newark-Jersey City,Kings County,734629.5,2011,Brooklyn
11238,Zip,NY,NY,New York,New York-Newark-Jersey City,Kings County,760679.3333,2012,Brooklyn
11238,Zip,NY,NY,New York,New York-Newark-Jersey City,Kings County,868718.6667,2013,Brooklyn
11238,Zip,NY,NY,New York,New York-Newark-Jersey City,Kings County,1051909.75,2014,Brooklyn
11238,Zip,NY,NY,New York,New York-Newark-Jersey City,Kings County,1178910.75,2015,Brooklyn
11238,Zip,NY,NY,New York,New York-Newark-Jersey City,Kings County,1246257.25,2016,Brooklyn
11238,Zip,NY,NY,New York,New York-Newark-Jersey City,Kings County,1214633,2017,Brooklyn
11238,Zip,NY,NY,New York,New York-Newark-Jersey City,Kings County,1220092.25,2018,Brooklyn
11238,Zip,NY,NY,New York,New York-Newark-Jersey City,Kings County,1251685.917,2019,Brooklyn
11239,Zip,NY,NY,New York,New York-Newark-Jersey City,Kings County,299453.4167,2011,Brooklyn
11239,Zip,NY,NY,New York,New York-Newark-Jersey City,Kings County,307238.0833,2012,Brooklyn
11239,Zip,NY,NY,New York,New York-Newark-Jersey City,Kings County,325777.0833,2013,Brooklyn
11239,Zip,NY,NY,New York,New York-Newark-Jersey City,Kings County,359819.6667,2014,Brooklyn
11239,Zip,NY,NY,New York,New York-Newark-Jersey City,Kings County,371185.9167,2015,Brooklyn
11239,Zip,NY,NY,New York,New York-Newark-Jersey City,Kings County,412759,2016,Brooklyn
11239,Zip,NY,NY,New York,New York-Newark-Jersey City,Kings County,427602.1667,2017,Brooklyn
11239,Zip,NY,NY,New York,New York-Newark-Jersey City,Kings County,438245.9167,2018,Brooklyn
11239,Zip,NY,NY,New York,New York-Newark-Jersey City,Kings County,503557,2019,Brooklyn
11243,Zip,NY,NY,New York,New York-Newark-Jersey City,Kings County,907813.4167,2011,Brooklyn
11243,Zip,NY,NY,New York,New York-Newark-Jersey City,Kings County,897745.5,2012,Brooklyn
11243,Zip,NY,NY,New York,New York-Newark-Jersey City,Kings County,1049383.833,2013,Brooklyn
11243,Zip,NY,NY,New York,New York-Newark-Jersey City,Kings County,1282009.25,2014,Brooklyn
11243,Zip,NY,NY,New York,New York-Newark-Jersey City,Kings County,1391075.083,2015,Brooklyn
11243,Zip,NY,NY,New York,New York-Newark-Jersey City,Kings County,1441845.583,2016,Brooklyn
11243,Zip,NY,NY,New York,New York-Newark-Jersey City,Kings County,1426276.167,2017,Brooklyn
11243,Zip,NY,NY,New York,New York-Newark-Jersey City,Kings County,1479186.917,2018,Brooklyn
11243,Zip,NY,NY,New York,New York-Newark-Jersey City,Kings County,1454857.333,2019,Brooklyn
11249,Zip,NY,NY,New York,New York-Newark-Jersey City,Kings County,731846.25,2011,Brooklyn
11249,Zip,NY,NY,New York,New York-Newark-Jersey City,Kings County,751252.5,2012,Brooklyn
11249,Zip,NY,NY,New York,New York-Newark-Jersey City,Kings County,870206.75,2013,Brooklyn
11249,Zip,NY,NY,New York,New York-Newark-Jersey City,Kings County,1029550.833,2014,Brooklyn
11249,Zip,NY,NY,New York,New York-Newark-Jersey City,Kings County,1137554.083,2015,Brooklyn
11249,Zip,NY,NY,New York,New York-Newark-Jersey City,Kings County,1196694.083,2016,Brooklyn
11249,Zip,NY,NY,New York,New York-Newark-Jersey City,Kings County,1201265.833,2017,Brooklyn
11249,Zip,NY,NY,New York,New York-Newark-Jersey City,Kings County,1232082.083,2018,Brooklyn
11249,Zip,NY,NY,New York,New York-Newark-Jersey City,Kings County,1269694,2019,Brooklyn
