RegionName,RegionType,StateName,State,City,Metro,CountyName,Average_Cost,Year,Borough
10001,Zip,NY,NY,New York,New York-Newark-Jersey City,New York County,1587484.833,2011,Manhattan
10001,Zip,NY,NY,New York,New York-Newark-Jersey City,New York County,1647625.25,2012,Manhattan
10001,Zip,NY,NY,New York,New York-Newark-Jersey City,New York County,1799837,2013,Manhattan
10001,Zip,NY,NY,New York,New York-Newark-Jersey City,New York County,2066095,2014,Manhattan
10001,Zip,NY,NY,New York,New York-Newark-Jersey City,New York County,2302573.083,2015,Manhattan
10001,Zip,NY,NY,New York,New York-Newark-Jersey City,New York County,2392278.333,2016,Manhattan
10001,Zip,NY,NY,New York,New York-Newark-Jersey City,New York County,2293687.833,2017,Manhattan
10001,Zip,NY,NY,New York,New York-Newark-Jersey City,New York County,2374653.667,2018,Manhattan
10001,Zip,NY,NY,New York,New York-Newark-Jersey City,New York County,2403654.167,2019,Manhattan
10002,Zip,NY,NY,New York,New York-Newark-Jersey City,New York County,778548.75,2011,Manhattan
10002,Zip,NY,NY,New York,New York-Newark-Jersey City,New York County,793552.0833,2012,Manhattan
10002,Zip,NY,NY,New York,New York-Newark-Jersey City,New York County,851403.5833,2013,Manhattan
10002,Zip,NY,NY,New York,New York-Newark-Jersey City,New York County,935297.75,2014,Manhattan
10002,Zip,NY,NY,New York,New York-Newark-Jersey City,New York County,1010430.75,2015,Manhattan
10002,Zip,NY,NY,New York,New York-Newark-Jersey City,New York County,978356.0833,2016,Manhattan
10002,Zip,NY,NY,New York,New York-Newark-Jersey City,New York County,908845.0833,2017,Manhattan
10002,Zip,NY,NY,New York,New York-Newark-Jersey City,New York County,856739.25,2018,Manhattan
10002,Zip,NY,NY,New York,New York-Newark-Jersey City,New York County,947688.6667,2019,Manhattan
10003,Zip,NY,NY,New York,New York-Newark-Jersey City,New York County,1073256.083,2011,Manhattan
10003,Zip,NY,NY,New York,New York-Newark-Jersey City,New York County,1095915.5,2012,Manhattan
10003,Zip,NY,NY,New York,New York-Newark-Jersey City,New York County,1142520.167,2013,Manhattan
10003,Zip,NY,NY,New York,New York-Newark-Jersey City,New York County,1270617.25,2014,Manhattan
10003,Zip,NY,NY,New York,New York-Newark-Jersey City,New York County,1427353.917,2015,Manhattan
10003,Zip,NY,NY,New York,New York-Newark-Jersey City,New York County,1415429.667,2016,Manhattan
10003,Zip,NY,NY,New York,New York-Newark-Jersey City,New York County,1381428.917,2017,Manhattan
10003,Zip,NY,NY,New York,New York-Newark-Jersey City,New York County,1448715.333,2018,Manhattan
10003,Zip,NY,NY,New York,New York-Newark-Jersey City,New York County,1467933,2019,Manhattan
10004,Zip,NY,NY,New York,New York-Newark-Jersey City,New York County,1044425.5,2011,Manhattan
10004,Zip,NY,NY,New York,New York-Newark-Jersey City,New York County,1054207.75,2012,Manhattan
10004,Zip,NY,NY,New York,New York-Newark-Jersey City,New York County,1122109.333,2013,Manhattan
10004,Zip,NY,NY,New York,New York-Newark-Jersey City,New York County,1276363.667,2014,Manhattan
10004,Zip,NY,NY,New York,New York-Newark-Jersey City,New York County,1395940.5,2015,Manhattan
10004,Zip,NY,NY,New York,New York-Newark-Jersey City,New York County,1381020.833,2016,Manhattan
10004,Zip,NY,NY,New York,New York-Newark-Jersey City,New York County,1370265.083,2017,Manhattan
10004,Zip,NY,NY,New York,New York-Newark-Jersey City,New York County,1388413.25,2018,Manhattan
10004,Zip,NY,NY,New York,New York-Newark-Jersey City,New York County,1271664.833,2019,Manhattan
10005,Zip,NY,NY,New York,New York-Newark-Jersey City,New York County,925528.3333,2011,Manhattan
10005,Zip,NY,NY,New York,New York-Newark-Jersey City,New York County,929491.8333,2012,Manhattan
10005,Zip,NY,NY,New York,New York-Newark-Jersey City,New York County,974829.5,2013,Manhattan
10005,Zip,NY,NY,New York,New York-Newark-Jersey City,New York County,1085891.833,2014,Manhattan
10005,Zip,NY,NY,New York,New York-Newark-Jersey City,New York County,1173435,2015,Manhattan
10005,Zip,NY,NY,New York,New York-Newark-Jersey City,New York County,1251479.917,2016,Manhattan
10005,Zip,NY,NY,New York,New York-Newark-Jersey City,New York County,1250525.5,2017,Manhattan
10005,Zip,NY,NY,New York,New York-Newark-Jersey City,New York County,1227949.417,2018,Manhattan
10005,Zip,NY,NY,New York,New York-Newark-Jersey City,New York County,1159085.5,2019,Manhattan
10006,Zip,NY,NY,New York,New York-Newark-Jersey City,New York County,722638.0833,2011,Manhattan
10006,Zip,NY,NY,New York,New York-Newark-Jersey City,New York County,770185,2012,Manhattan
10006,Zip,NY,NY,New York,New York-Newark-Jersey City,New York County,823174.5833,2013,Manhattan
10006,Zip,NY,NY,New York,New York-Newark-Jersey City,New York County,889779.9167,2014,Manhattan
10006,Zip,NY,NY,New York,New York-Newark-Jersey City,New York County,973397.1667,2015,Manhattan
10006,Zip,NY,NY,New York,New York-Newark-Jersey City,New York County,978587.5833,2016,Manhattan
10006,Zip,NY,NY,New York,New York-Newark-Jersey City,New York County,979223.0833,2017,Manhattan
10006,Zip,NY,NY,New York,New York-Newark-Jersey City,New York County,974869.1667,2018,Manhattan
10006,Zip,NY,NY,New York,New York-Newark-Jersey City,New York County,915850.5,2019,Manhattan
10007,Zip,NY,NY,New York,New York-Newark-Jersey City,New York County,2140486.417,2011,Manhattan
10007,Zip,NY,NY,New York,New York-Newark-Jersey City,New York County,2238587.5,2012,Manhattan
10007,Zip,NY,NY,New York,New York-Newark-Jersey City,New York County,2464159.833,2013,Manhattan
10007,Zip,NY,NY,New York,New York-Newark-Jersey City,New York County,2825828.917,2014,Manhattan
10007,Zip,NY,NY,New York,New York-Newark-Jersey City,New York County,3135540,2015,Manhattan
10007,Zip,NY,NY,New York,New York-Newark-Jersey City,New York County,3147925.5,2016,Manhattan
10007,Zip,NY,NY,New York,New York-Newark-Jersey City,New York County,3055737.333,2017,Manhattan
10007,Zip,NY,NY,New York,New York-Newark-Jersey City,New York County,3000642.5,2018,Manhattan
10007,Zip,NY,NY,New York,New York-Newark-Jersey City,New York County,2906677.583,2019,Manhattan
10009,Zip,NY,NY,New York,New York-Newark-Jersey City,New York County,785789,2011,Manhattan
10009,Zip,NY,NY,New York,New York-Newark-Jersey City,New York County,811762,2012,Manhattan
10009,Zip,NY,NY,New York,New York-Newark-Jersey City,New York County,854740.5,2013,Manhattan
10009,Zip,NY,NY,New York,New York-Newark-Jersey City,New York County,948785.4167,2014,Manhattan
10009,Zip,NY,NY,New York,New York-Newark-Jersey City,New York County,1026120.25,2015,Manhattan
10009,Zip,NY,NY,New York,New York-Newark-Jersey City,New York County,997669.3,2016,Manhattan
10009,Zip,NY,NY,New York,New York-Newark-Jersey City,New York County,995344.75,2017,Manhattan
10009,Zip,NY,NY,New York,New York-Newark-Jersey City,New York County,1048610.833,2018,Manhattan
10009,Zip,NY,NY,New York,New York-Newark-Jersey City,New York County,1009898.417,2019,Manhattan
10010,Zip,NY,NY,New York,New York-Newark-Jersey City,New York County,1301261.5,2011,Manhattan
10010,Zip,NY,NY,New York,New York-Newark-Jersey City,New York County,1341796.917,2012,Manhattan
10010,Zip,NY,NY,New York,New York-Newark-Jersey City,New York County,1432404,2013,Manhattan
10010,Zip,NY,NY,New York,New York-Newark-Jersey City,New York County,1628596.417,2014,Manhattan
10010,Zip,NY,NY,New York,New York-Newark-Jersey City,New York County,1825221.25,2015,Manhattan
10010,Zip,NY,NY,New York,New York-Newark-Jersey City,New York County,1841431.667,2016,Manhattan
10010,Zip,NY,NY,New York,New York-Newark-Jersey City,New York County,1784456.917,2017,Manhattan
10010,Zip,NY,NY,New York,New York-Newark-Jersey City,New York County,1709278.667,2018,Manhattan
10010,Zip,NY,NY,New York,New York-Newark-Jersey City,New York County,1737740,2019,Manhattan
10011,Zip,NY,NY,New York,New York-Newark-Jersey City,New York County,1470872.917,2011,Manhattan
10011,Zip,NY,NY,New York,New York-Newark-Jersey City,New York County,1520686.5,2012,Manhattan
10011,Zip,NY,NY,New York,New York-Newark-Jersey City,New York County,1675290.5,2013,Manhattan
10011,Zip,NY,NY,New York,New York-Newark-Jersey City,New York County,1893328.25,2014,Manhattan
10011,Zip,NY,NY,New York,New York-Newark-Jersey City,New York County,2078639.167,2015,Manhattan
10011,Zip,NY,NY,New York,New York-Newark-Jersey City,New York County,2132600.917,2016,Manhattan
10011,Zip,NY,NY,New York,New York-Newark-Jersey City,New York County,2070394.25,2017,Manhattan
10011,Zip,NY,NY,New York,New York-Newark-Jersey City,New York County,2034246,2018,Manhattan
10011,Zip,NY,NY,New York,New York-Newark-Jersey City,New York County,1962279.167,2019,Manhattan
10012,Zip,NY,NY,New York,New York-Newark-Jersey City,New York County,1864774.917,2011,Manhattan
10012,Zip,NY,NY,New York,New York-Newark-Jersey City,New York County,1925885.333,2012,Manhattan
10012,Zip,NY,NY,New York,New York-Newark-Jersey City,New York County,2069525,2013,Manhattan
10012,Zip,NY,NY,New York,New York-Newark-Jersey City,New York County,2246847.167,2014,Manhattan
10012,Zip,NY,NY,New York,New York-Newark-Jersey City,New York County,2524721.25,2015,Manhattan
10012,Zip,NY,NY,New York,New York-Newark-Jersey City,New York County,2548247.25,2016,Manhattan
10012,Zip,NY,NY,New York,New York-Newark-Jersey City,New York County,2356115.75,2017,Manhattan
10012,Zip,NY,NY,New York,New York-Newark-Jersey City,New York County,2442864.583,2018,Manhattan
10012,Zip,NY,NY,New York,New York-Newark-Jersey City,New York County,2656141.417,2019,Manhattan
10013,Zip,NY,NY,New York,New York-Newark-Jersey City,New York County,2424228.833,2011,Manhattan
10013,Zip,NY,NY,New York,New York-Newark-Jersey City,New York County,2517586.167,2012,Manhattan
10013,Zip,NY,NY,New York,New York-Newark-Jersey City,New York County,2755610.667,2013,Manhattan
10013,Zip,NY,NY,New York,New York-Newark-Jersey City,New York County,3086913.75,2014,Manhattan
10013,Zip,NY,NY,New York,New York-Newark-Jersey City,New York County,3426704.833,2015,Manhattan
10013,Zip,NY,NY,New York,New York-Newark-Jersey City,New York County,3535313.667,2016,Manhattan
10013,Zip,NY,NY,New York,New York-Newark-Jersey City,New York County,3493685.417,2017,Manhattan
10013,Zip,NY,NY,New York,New York-Newark-Jersey City,New York County,3396504.917,2018,Manhattan
10013,Zip,NY,NY,New York,New York-Newark-Jersey City,New York County,3334450.583,2019,Manhattan
10014,Zip,NY,NY,New York,New York-Newark-Jersey City,New York County,1511479.75,2011,Manhattan
10014,Zip,NY,NY,New York,New York-Newark-Jersey City,New York County,1559207.333,2012,Manhattan
10014,Zip,NY,NY,New York,New York-Newark-Jersey City,New York County,1727775.917,2013,Manhattan
10014,Zip,NY,NY,New York,New York-Newark-Jersey City,New York County,1983978.417,2014,Manhattan
10014,Zip,NY,NY,New York,New York-Newark-Jersey City,New York County,2099715.75,2015,Manhattan
10014,Zip,NY,NY,New York,New York-Newark-Jersey City,New York County,2144486.833,2016,Manhattan
10014,Zip,NY,NY,New York,New York-Newark-Jersey City,New York County,2347254.833,2017,Manhattan
10014,Zip,NY,NY,New York,New York-Newark-Jersey City,New York County,2524446.833,2018,Manhattan
10014,Zip,NY,NY,New York,New York-Newark-Jersey City,New York County,2353525.333,2019,Manhattan
10016,Zip,NY,NY,New York,New York-Newark-Jersey City,New York County,847094,2011,Manhattan
10016,Zip,NY,NY,New York,New York-Newark-Jersey City,New York County,851782.4167,2012,Manhattan
10016,Zip,NY,NY,New York,New York-Newark-Jersey City,New York County,897111.0833,2013,Manhattan
10016,Zip,NY,NY,New York,New York-Newark-Jersey City,New York County,998406.1667,2014,Manhattan
10016,Zip,NY,NY,New York,New York-Newark-Jersey City,New York County,1073259.333,2015,Manhattan
10016,Zip,NY,NY,New York,New York-Newark-Jersey City,New York County,1112007.833,2016,Manhattan
10016,Zip,NY,NY,New York,New York-Newark-Jersey City,New York County,1115778.917,2017,Manhattan
10016,Zip,NY,NY,New York,New York-Newark-Jersey City,New York County,1104670.667,2018,Manhattan
10016,Zip,NY,NY,New York,New York-Newark-Jersey City,New York County,1072948,2019,Manhattan
10017,Zip,NY,NY,New York,New York-Newark-Jersey City,New York County,825045,2011,Manhattan
10017,Zip,NY,NY,New York,New York-Newark-Jersey City,New York County,833110.5,2012,Manhattan
10017,Zip,NY,NY,New York,New York-Newark-Jersey City,New York County,867282.25,2013,Manhattan
10017,Zip,NY,NY,New York,New York-Newark-Jersey City,New York County,975242.4167,2014,Manhattan
10017,Zip,NY,NY,New York,New York-Newark-Jersey City,New York County,1037852,2015,Manhattan
10017,Zip,NY,NY,New York,New York-Newark-Jersey City,New York County,1062049.25,2016,Manhattan
10017,Zip,NY,NY,New York,New York-Newark-Jersey City,New York County,1020451.182,2017,Manhattan
10017,Zip,NY,NY,New York,New York-Newark-Jersey City,New York County,972059.9167,2018,Manhattan
10017,Zip,NY,NY,New York,New York-Newark-Jersey City,New York County,1016748.833,2019,Manhattan
10018,Zip,NY,NY,New York,New York-Newark-Jersey City,New York County,1134229.25,2011,Manhattan
10018,Zip,NY,NY,New York,New York-Newark-Jersey City,New York County,1206511.25,2012,Manhattan
10018,Zip,NY,NY,New York,New York-Newark-Jersey City,New York County,1373035.833,2013,Manhattan
10018,Zip,NY,NY,New York,New York-Newark-Jersey City,New York County,1537228,2014,Manhattan
10018,Zip,NY,NY,New York,New York-Newark-Jersey City,New York County,1683972.583,2015,Manhattan
10018,Zip,NY,NY,New York,New York-Newark-Jersey City,New York County,1597024.1,2016,Manhattan
10018,Zip,NY,NY,New York,New York-Newark-Jersey City,New York County,1511265.333,2017,Manhattan
10018,Zip,NY,NY,New York,New York-Newark-Jersey City,New York County,1461349.167,2018,Manhattan
10018,Zip,NY,NY,New York,New York-Newark-Jersey City,New York County,1386329,2019,Manhattan
10019,Zip,NY,NY,New York,New York-Newark-Jersey City,New York County,1082831.5,2011,Manhattan
10019,Zip,NY,NY,New York,New York-Newark-Jersey City,New York County,1106843.083,2012,Manhattan
10019,Zip,NY,NY,New York,New York-Newark-Jersey City,New York County,1161707.417,2013,Manhattan
10019,Zip,NY,NY,New York,New York-Newark-Jersey City,New York County,1320138.917,2014,Manhattan
10019,Zip,NY,NY,New York,New York-Newark-Jersey City,New York County,1416330.083,2015,Manhattan
10019,Zip,NY,NY,New York,New York-Newark-Jersey City,New York County,1458034.167,2016,Manhattan
10019,Zip,NY,NY,New York,New York-Newark-Jersey City,New York County,1431539.083,2017,Manhattan
10019,Zip,NY,NY,New York,New York-Newark-Jersey City,New York County,1407903.75,2018,Manhattan
10019,Zip,NY,NY,New York,New York-Newark-Jersey City,New York County,1332968.333,2019,Manhattan
10021,Zip,NY,NY,New York,New York-Newark-Jersey City,New York County,1031548.75,2011,Manhattan
10021,Zip,NY,NY,New York,New York-Newark-Jersey City,New York County,1047884.167,2012,Manhattan
10021,Zip,NY,NY,New York,New York-Newark-Jersey City,New York County,1109617.75,2013,Manhattan
10021,Zip,NY,NY,New York,New York-Newark-Jersey City,New York County,1230410.167,2014,Manhattan
10021,Zip,NY,NY,New York,New York-Newark-Jersey City,New York County,1325612.75,2015,Manhattan
10021,Zip,NY,NY,New York,New York-Newark-Jersey City,New York County,1332276.833,2016,Manhattan
10021,Zip,NY,NY,New York,New York-Newark-Jersey City,New York County,1348702.833,2017,Manhattan
10021,Zip,NY,NY,New York,New York-Newark-Jersey City,New York County,1433782,2018,Manhattan
10021,Zip,NY,NY,New York,New York-Newark-Jersey City,New York County,1353887.167,2019,Manhattan
10022,Zip,NY,NY,New York,New York-Newark-Jersey City,New York County,1167399.667,2011,Manhattan
10022,Zip,NY,NY,New York,New York-Newark-Jersey City,New York County,1186372.917,2012,Manhattan
10022,Zip,NY,NY,New York,New York-Newark-Jersey City,New York County,1221673.25,2013,Manhattan
10022,Zip,NY,NY,New York,New York-Newark-Jersey City,New York County,1327839.167,2014,Manhattan
10022,Zip,NY,NY,New York,New York-Newark-Jersey City,New York County,1457437.667,2015,Manhattan
10022,Zip,NY,NY,New York,New York-Newark-Jersey City,New York County,1348522.818,2016,Manhattan
10022,Zip,NY,NY,New York,New York-Newark-Jersey City,New York County,1276516.25,2017,Manhattan
10022,Zip,NY,NY,New York,New York-Newark-Jersey City,New York County,1310102.25,2018,Manhattan
10022,Zip,NY,NY,New York,New York-Newark-Jersey City,New York County,1294251,2019,Manhattan
10023,Zip,NY,NY,New York,New York-Newark-Jersey City,New York County,1003501.167,2011,Manhattan
10023,Zip,NY,NY,New York,New York-Newark-Jersey City,New York County,1041205,2012,Manhattan
10023,Zip,NY,NY,New York,New York-Newark-Jersey City,New York County,1110734.5,2013,Manhattan
10023,Zip,NY,NY,New York,New York-Newark-Jersey City,New York County,1250897.583,2014,Manhattan
10023,Zip,NY,NY,New York,New York-Newark-Jersey City,New York County,1330037,2015,Manhattan
10023,Zip,NY,NY,New York,New York-Newark-Jersey City,New York County,1400594.333,2016,Manhattan
10023,Zip,NY,NY,New York,New York-Newark-Jersey City,New York County,1431422,2017,Manhattan
10023,Zip,NY,NY,New York,New York-Newark-Jersey City,New York County,1514594.083,2018,Manhattan
10023,Zip,NY,NY,New York,New York-Newark-Jersey City,New York County,1428692.25,2019,Manhattan
10024,Zip,NY,NY,New York,New York-Newark-Jersey City,New York County,1135875.833,2011,Manhattan
10024,Zip,NY,NY,New York,New York-Newark-Jersey City,New York County,1176696.167,2012,Manhattan
10024,Zip,NY,NY,New York,New York-Newark-Jersey City,New York County,1233852.583,2013,Manhattan
10024,Zip,NY,NY,New York,New York-Newark-Jersey City,New York County,1357292.167,2014,Manhattan
10024,Zip,NY,NY,New York,New York-Newark-Jersey City,New York County,1457237.333,2015,Manhattan
10024,Zip,NY,NY,New York,New York-Newark-Jersey City,New York County,1485546,2016,Manhattan
10024,Zip,NY,NY,New York,New York-Newark-Jersey City,New York County,1531242.583,2017,Manhattan
10024,Zip,NY,NY,New York,New York-Newark-Jersey City,New York County,1732673.75,2018,Manhattan
10024,Zip,NY,NY,New York,New York-Newark-Jersey City,New York County,1709193.25,2019,Manhattan
10025,Zip,NY,NY,New York,New York-Newark-Jersey City,New York County,726204.4167,2011,Manhattan
10025,Zip,NY,NY,New York,New York-Newark-Jersey City,New York County,738703.5,2012,Manhattan
10025,Zip,NY,NY,New York,New York-Newark-Jersey City,New York County,788174.3333,2013,Manhattan
10025,Zip,NY,NY,New York,New York-Newark-Jersey City,New York County,895723.3333,2014,Manhattan
10025,Zip,NY,NY,New York,New York-Newark-Jersey City,New York County,962871.75,2015,Manhattan
10025,Zip,NY,NY,New York,New York-Newark-Jersey City,New York County,1019393.5,2016,Manhattan
10025,Zip,NY,NY,New York,New York-Newark-Jersey City,New York County,1019161.25,2017,Manhattan
10025,Zip,NY,NY,New York,New York-Newark-Jersey City,New York County,1036920.75,2018,Manhattan
10025,Zip,NY,NY,New York,New York-Newark-Jersey City,New York County,1065988.667,2019,Manhattan
10026,Zip,NY,NY,New York,New York-Newark-Jersey City,New York County,617163.6667,2011,Manhattan
10026,Zip,NY,NY,New York,New York-Newark-Jersey City,New York County,626416.6667,2012,Manhattan
10026,Zip,NY,NY,New York,New York-Newark-Jersey City,New York County,693246.75,2013,Manhattan
10026,Zip,NY,NY,New York,New York-Newark-Jersey City,New York County,808348.5,2014,Manhattan
10026,Zip,NY,NY,New York,New York-Newark-Jersey City,New York County,912150.0833,2015,Manhattan
10026,Zip,NY,NY,New York,New York-Newark-Jersey City,New York County,970643.6667,2016,Manhattan
10026,Zip,NY,NY,New York,New York-Newark-Jersey City,New York County,993595.75,2017,Manhattan
10026,Zip,NY,NY,New York,New York-Newark-Jersey City,New York County,995235.0833,2018,Manhattan
10026,Zip,NY,NY,New York,New York-Newark-Jersey City,New York County,965663.8333,2019,Manhattan
10027,Zip,NY,NY,New York,New York-Newark-Jersey City,New York County,600896.4167,2011,Manhattan
10027,Zip,NY,NY,New York,New York-Newark-Jersey City,New York County,605854.75,2012,Manhattan
10027,Zip,NY,NY,New York,New York-Newark-Jersey City,New York County,684008.0833,2013,Manhattan
10027,Zip,NY,NY,New York,New York-Newark-Jersey City,New York County,769963.25,2014,Manhattan
10027,Zip,NY,NY,New York,New York-Newark-Jersey City,New York County,872035,2015,Manhattan
10027,Zip,NY,NY,New York,New York-Newark-Jersey City,New York County,959108.4167,2016,Manhattan
10027,Zip,NY,NY,New York,New York-Newark-Jersey City,New York County,960697.1667,2017,Manhattan
10027,Zip,NY,NY,New York,New York-Newark-Jersey City,New York County,939458,2018,Manhattan
10027,Zip,NY,NY,New York,New York-Newark-Jersey City,New York County,934971.6667,2019,Manhattan
10028,Zip,NY,NY,New York,New York-Newark-Jersey City,New York County,1238590.917,2011,Manhattan
10028,Zip,NY,NY,New York,New York-Newark-Jersey City,New York County,1252005.167,2012,Manhattan
10028,Zip,NY,NY,New York,New York-Newark-Jersey City,New York County,1302806.75,2013,Manhattan
10028,Zip,NY,NY,New York,New York-Newark-Jersey City,New York County,1445669.833,2014,Manhattan
10028,Zip,NY,NY,New York,New York-Newark-Jersey City,New York County,1580744.167,2015,Manhattan
10028,Zip,NY,NY,New York,New York-Newark-Jersey City,New York County,1563951.833,2016,Manhattan
10028,Zip,NY,NY,New York,New York-Newark-Jersey City,New York County,1525413.667,2017,Manhattan
10028,Zip,NY,NY,New York,New York-Newark-Jersey City,New York County,1632040.25,2018,Manhattan
10028,Zip,NY,NY,New York,New York-Newark-Jersey City,New York County,1569621.667,2019,Manhattan
10029,Zip,NY,NY,New York,New York-Newark-Jersey City,New York County,633842.5,2011,Manhattan
10029,Zip,NY,NY,New York,New York-Newark-Jersey City,New York County,665238.5833,2012,Manhattan
10029,Zip,NY,NY,New York,New York-Newark-Jersey City,New York County,704289.3333,2013,Manhattan
10029,Zip,NY,NY,New York,New York-Newark-Jersey City,New York County,783586.4167,2014,Manhattan
10029,Zip,NY,NY,New York,New York-Newark-Jersey City,New York County,843184.6667,2015,Manhattan
10029,Zip,NY,NY,New York,New York-Newark-Jersey City,New York County,838180.25,2016,Manhattan
10029,Zip,NY,NY,New York,New York-Newark-Jersey City,New York County,881704.5833,2017,Manhattan
10029,Zip,NY,NY,New York,New York-Newark-Jersey City,New York County,916389,2018,Manhattan
10029,Zip,NY,NY,New York,New York-Newark-Jersey City,New York County,671086.5,2019,Manhattan
10030,Zip,NY,NY,New York,New York-Newark-Jersey City,New York County,600511.5,2011,Manhattan
10030,Zip,NY,NY,New York,New York-Newark-Jersey City,New York County,587361,2012,Manhattan
10030,Zip,NY,NY,New York,New York-Newark-Jersey City,New York County,622579,2013,Manhattan
10030,Zip,NY,NY,New York,New York-Newark-Jersey City,New York County,641511.3333,2014,Manhattan
10030,Zip,NY,NY,New York,New York-Newark-Jersey City,New York County,711773.0833,2015,Manhattan
10030,Zip,NY,NY,New York,New York-Newark-Jersey City,New York County,792909,2016,Manhattan
10030,Zip,NY,NY,New York,New York-Newark-Jersey City,New York County,835159.75,2017,Manhattan
10030,Zip,NY,NY,New York,New York-Newark-Jersey City,New York County,861407.3333,2018,Manhattan
10030,Zip,NY,NY,New York,New York-Newark-Jersey City,New York County,862667.25,2019,Manhattan
10031,Zip,NY,NY,New York,New York-Newark-Jersey City,New York County,520546.5833,2011,Manhattan
10031,Zip,NY,NY,New York,New York-Newark-Jersey City,New York County,508498.4167,2012,Manhattan
10031,Zip,NY,NY,New York,New York-Newark-Jersey City,New York County,570532.75,2013,Manhattan
10031,Zip,NY,NY,New York,New York-Newark-Jersey City,New York County,593757.25,2014,Manhattan
10031,Zip,NY,NY,New York,New York-Newark-Jersey City,New York County,645505.3333,2015,Manhattan
10031,Zip,NY,NY,New York,New York-Newark-Jersey City,New York County,675194.6667,2016,Manhattan
10031,Zip,NY,NY,New York,New York-Newark-Jersey City,New York County,684391.6667,2017,Manhattan
10031,Zip,NY,NY,New York,New York-Newark-Jersey City,New York County,723889.4167,2018,Manhattan
10031,Zip,NY,NY,New York,New York-Newark-Jersey City,New York County,686487.5833,2019,Manhattan
10032,Zip,NY,NY,New York,New York-Newark-Jersey City,New York County,319232.0833,2011,Manhattan
10032,Zip,NY,NY,New York,New York-Newark-Jersey City,New York County,310057.9167,2012,Manhattan
10032,Zip,NY,NY,New York,New York-Newark-Jersey City,New York County,347403.5833,2013,Manhattan
10032,Zip,NY,NY,New York,New York-Newark-Jersey City,New York County,381163.1667,2014,Manhattan
10032,Zip,NY,NY,New York,New York-Newark-Jersey City,New York County,425820.75,2015,Manhattan
10032,Zip,NY,NY,New York,New York-Newark-Jersey City,New York County,433964.4167,2016,Manhattan
10032,Zip,NY,NY,New York,New York-Newark-Jersey City,New York County,451044.25,2017,Manhattan
10032,Zip,NY,NY,New York,New York-Newark-Jersey City,New York County,505698.5,2018,Manhattan
10032,Zip,NY,NY,New York,New York-Newark-Jersey City,New York County,566463.4167,2019,Manhattan
10033,Zip,NY,NY,New York,New York-Newark-Jersey City,New York County,501585.5,2011,Manhattan
10033,Zip,NY,NY,New York,New York-Newark-Jersey City,New York County,465891.8333,2012,Manhattan
10033,Zip,NY,NY,New York,New York-Newark-Jersey City,New York County,438905.5833,2013,Manhattan
10033,Zip,NY,NY,New York,New York-Newark-Jersey City,New York County,459741.25,2014,Manhattan
10033,Zip,NY,NY,New York,New York-Newark-Jersey City,New York County,551211.9167,2015,Manhattan
10033,Zip,NY,NY,New York,New York-Newark-Jersey City,New York County,595198.25,2016,Manhattan
10033,Zip,NY,NY,New York,New York-Newark-Jersey City,New York County,608193,2017,Manhattan
10033,Zip,NY,NY,New York,New York-Newark-Jersey City,New York County,643700.5833,2018,Manhattan
10033,Zip,NY,NY,New York,New York-Newark-Jersey City,New York County,631547.75,2019,Manhattan
10034,Zip,NY,NY,New York,New York-Newark-Jersey City,New York County,498133.9167,2011,Manhattan
10034,Zip,NY,NY,New York,New York-Newark-Jersey City,New York County,448868.0833,2012,Manhattan
10034,Zip,NY,NY,New York,New York-Newark-Jersey City,New York County,371961.5833,2013,Manhattan
10034,Zip,NY,NY,New York,New York-Newark-Jersey City,New York County,375946,2014,Manhattan
10034,Zip,NY,NY,New York,New York-Newark-Jersey City,New York County,376191.9167,2015,Manhattan
10034,Zip,NY,NY,New York,New York-Newark-Jersey City,New York County,422699.5,2016,Manhattan
10034,Zip,NY,NY,New York,New York-Newark-Jersey City,New York County,452769.1667,2017,Manhattan
10034,Zip,NY,NY,New York,New York-Newark-Jersey City,New York County,452691.1667,2018,Manhattan
10034,Zip,NY,NY,New York,New York-Newark-Jersey City,New York County,473124.5,2019,Manhattan
10035,Zip,NY,NY,New York,New York-Newark-Jersey City,New York County,629819.9167,2011,Manhattan
10035,Zip,NY,NY,New York,New York-Newark-Jersey City,New York County,632097.1667,2012,Manhattan
10035,Zip,NY,NY,New York,New York-Newark-Jersey City,New York County,679086,2013,Manhattan
10035,Zip,NY,NY,New York,New York-Newark-Jersey City,New York County,741966.9167,2014,Manhattan
10035,Zip,NY,NY,New York,New York-Newark-Jersey City,New York County,806514.5833,2015,Manhattan
10035,Zip,NY,NY,New York,New York-Newark-Jersey City,New York County,795736.9167,2016,Manhattan
10035,Zip,NY,NY,New York,New York-Newark-Jersey City,New York County,838351.5833,2017,Manhattan
10035,Zip,NY,NY,New York,New York-Newark-Jersey City,New York County,840950.75,2018,Manhattan
10035,Zip,NY,NY,New York,New York-Newark-Jersey City,New York County,751985.4167,2019,Manhattan
10036,Zip,NY,NY,New York,New York-Newark-Jersey City,New York County,877693.75,2011,Manhattan
10036,Zip,NY,NY,New York,New York-Newark-Jersey City,New York County,883291.1667,2012,Manhattan
10036,Zip,NY,NY,New York,New York-Newark-Jersey City,New York County,937784.0833,2013,Manhattan
10036,Zip,NY,NY,New York,New York-Newark-Jersey City,New York County,1062181.583,2014,Manhattan
10036,Zip,NY,NY,New York,New York-Newark-Jersey City,New York County,1132581,2015,Manhattan
10036,Zip,NY,NY,New York,New York-Newark-Jersey City,New York County,1163486.083,2016,Manhattan
10036,Zip,NY,NY,New York,New York-Newark-Jersey City,New York County,1181011.583,2017,Manhattan
10036,Zip,NY,NY,New York,New York-Newark-Jersey City,New York County,1155970.75,2018,Manhattan
10036,Zip,NY,NY,New York,New York-Newark-Jersey City,New York County,1100243.917,2019,Manhattan
10037,Zip,NY,NY,New York,New York-Newark-Jersey City,New York County,,2011,Manhattan
10037,Zip,NY,NY,New York,New York-Newark-Jersey City,New York County,,2012,Manhattan
10037,Zip,NY,NY,New York,New York-Newark-Jersey City,New York County,,2013,Manhattan
10037,Zip,NY,NY,New York,New York-Newark-Jersey City,New York County,,2014,Manhattan
10037,Zip,NY,NY,New York,New York-Newark-Jersey City,New York County,,2015,Manhattan
10037,Zip,NY,NY,New York,New York-Newark-Jersey City,New York County,,2016,Manhattan
10037,Zip,NY,NY,New York,New York-Newark-Jersey City,New York County,,2017,Manhattan
10037,Zip,NY,NY,New York,New York-Newark-Jersey City,New York County,,2018,Manhattan
10037,Zip,NY,NY,New York,New York-Newark-Jersey City,New York County,448449.1667,2019,Manhattan
10038,Zip,NY,NY,New York,New York-Newark-Jersey City,New York County,1018824.917,2011,Manhattan
10038,Zip,NY,NY,New York,New York-Newark-Jersey City,New York County,1024213.917,2012,Manhattan
10038,Zip,NY,NY,New York,New York-Newark-Jersey City,New York County,1068626.5,2013,Manhattan
10038,Zip,NY,NY,New York,New York-Newark-Jersey City,New York County,1183324.25,2014,Manhattan
10038,Zip,NY,NY,New York,New York-Newark-Jersey City,New York County,1289284.917,2015,Manhattan
10038,Zip,NY,NY,New York,New York-Newark-Jersey City,New York County,1357280.333,2016,Manhattan
10038,Zip,NY,NY,New York,New York-Newark-Jersey City,New York County,1344263.583,2017,Manhattan
10038,Zip,NY,NY,New York,New York-Newark-Jersey City,New York County,1414480.083,2018,Manhattan
10038,Zip,NY,NY,New York,New York-Newark-Jersey City,New York County,1451102.583,2019,Manhattan
10039,Zip,NY,NY,New York,New York-Newark-Jersey City,New York County,600401.75,2011,Manhattan
10039,Zip,NY,NY,New York,New York-Newark-Jersey City,New York County,591447.9167,2012,Manhattan
10039,Zip,NY,NY,New York,New York-Newark-Jersey City,New York County,629761.5,2013,Manhattan
10039,Zip,NY,NY,New York,New York-Newark-Jersey City,New York County,714731.75,2014,Manhattan
10039,Zip,NY,NY,New York,New York-Newark-Jersey City,New York County,791370.6667,2015,Manhattan
10039,Zip,NY,NY,New York,New York-Newark-Jersey City,New York County,857749.75,2016,Manhattan
10039,Zip,NY,NY,New York,New York-Newark-Jersey City,New York County,912915.3333,2017,Manhattan
10039,Zip,NY,NY,New York,New York-Newark-Jersey City,New York County,902413.5833,2018,Manhattan
10039,Zip,NY,NY,New York,New York-Newark-Jersey City,New York County,875245.75,2019,Manhattan
10040,Zip,NY,NY,New York,New York-Newark-Jersey City,New York County,443031.4167,2011,Manhattan
10040,Zip,NY,NY,New York,New York-Newark-Jersey City,New York County,422905.5,2012,Manhattan
10040,Zip,NY,NY,New York,New York-Newark-Jersey City,New York County,434901.75,2013,Manhattan
10040,Zip,NY,NY,New York,New York-Newark-Jersey City,New York County,452356.3333,2014,Manhattan
10040,Zip,NY,NY,New York,New York-Newark-Jersey City,New York County,520031.8333,2015,Manhattan
10040,Zip,NY,NY,New York,New York-Newark-Jersey City,New York County,593568.5833,2016,Manhattan
10040,Zip,NY,NY,New York,New York-Newark-Jersey City,New York County,581226.6667,2017,Manhattan
10040,Zip,NY,NY,New York,New York-Newark-Jersey City,New York County,556152.1667,2018,Manhattan
10040,Zip,NY,NY,New York,New York-Newark-Jersey City,New York County,544768.5,2019,Manhattan
10044,Zip,NY,NY,New York,New York-Newark-Jersey City,New York County,661777.8333,2011,Manhattan
10044,Zip,NY,NY,New York,New York-Newark-Jersey City,New York County,671037.9167,2012,Manhattan
10044,Zip,NY,NY,New York,New York-Newark-Jersey City,New York County,705785.6667,2013,Manhattan
10044,Zip,NY,NY,New York,New York-Newark-Jersey City,New York County,836913.3333,2014,Manhattan
10044,Zip,NY,NY,New York,New York-Newark-Jersey City,New York County,899979.9167,2015,Manhattan
10044,Zip,NY,NY,New York,New York-Newark-Jersey City,New York County,959430.1667,2016,Manhattan
10044,Zip,NY,NY,New York,New York-Newark-Jersey City,New York County,1030695.583,2017,Manhattan
10044,Zip,NY,NY,New York,New York-Newark-Jersey City,New York County,1019000.833,2018,Manhattan
10044,Zip,NY,NY,New York,New York-Newark-Jersey City,New York County,978371.5833,2019,Manhattan
10065,Zip,NY,NY,New York,New York-Newark-Jersey City,New York County,1090533.667,2011,Manhattan
10065,Zip,NY,NY,New York,New York-Newark-Jersey City,New York County,1133660.833,2012,Manhattan
10065,Zip,NY,NY,New York,New York-Newark-Jersey City,New York County,1198797.333,2013,Manhattan
10065,Zip,NY,NY,New York,New York-Newark-Jersey City,New York County,1351218.667,2014,Manhattan
10065,Zip,NY,NY,New York,New York-Newark-Jersey City,New York County,1472269.667,2015,Manhattan
10065,Zip,NY,NY,New York,New York-Newark-Jersey City,New York County,1472613.667,2016,Manhattan
10065,Zip,NY,NY,New York,New York-Newark-Jersey City,New York County,1442316.417,2017,Manhattan
10065,Zip,NY,NY,New York,New York-Newark-Jersey City,New York County,1487026.583,2018,Manhattan
10065,Zip,NY,NY,New York,New York-Newark-Jersey City,New York County,1465868.75,2019,Manhattan
10069,Zip,NY,NY,New York,New York-Newark-Jersey City,New York County,1732516.083,2011,Manhattan
10069,Zip,NY,NY,New York,New York-Newark-Jersey City,New York County,1762728.333,2012,Manhattan
10069,Zip,NY,NY,New York,New York-Newark-Jersey City,New York County,1865630.583,2013,Manhattan
10069,Zip,NY,NY,New York,New York-Newark-Jersey City,New York County,2119530.417,2014,Manhattan
10069,Zip,NY,NY,New York,New York-Newark-Jersey City,New York County,2266298,2015,Manhattan
10069,Zip,NY,NY,New York,New York-Newark-Jersey City,New York County,2318170.167,2016,Manhattan
10069,Zip,NY,NY,New York,New York-Newark-Jersey City,New York County,2304962.833,2017,Manhattan
10069,Zip,NY,NY,New York,New York-Newark-Jersey City,New York County,2162050.917,2018,Manhattan
10069,Zip,NY,NY,New York,New York-Newark-Jersey City,New York County,2053848,2019,Manhattan
10075,Zip,NY,NY,New York,New York-Newark-Jersey City,New York County,792388.5,2011,Manhattan
10075,Zip,NY,NY,New York,New York-Newark-Jersey City,New York County,811200.8333,2012,Manhattan
10075,Zip,NY,NY,New York,New York-Newark-Jersey City,New York County,838457.1667,2013,Manhattan
10075,Zip,NY,NY,New York,New York-Newark-Jersey City,New York County,933266.4167,2014,Manhattan
10075,Zip,NY,NY,New York,New York-Newark-Jersey City,New York County,991183.5833,2015,Manhattan
10075,Zip,NY,NY,New York,New York-Newark-Jersey City,New York County,1008952.917,2016,Manhattan
10075,Zip,NY,NY,New York,New York-Newark-Jersey City,New York County,1001982.75,2017,Manhattan
10075,Zip,NY,NY,New York,New York-Newark-Jersey City,New York County,1108850.083,2018,Manhattan
10075,Zip,NY,NY,New York,New York-Newark-Jersey City,New York County,1094506.833,2019,Manhattan
10118,Zip,NY,NY,New York,New York-Newark-Jersey City,New York County,2671237.083,2011,Manhattan
10118,Zip,NY,NY,New York,New York-Newark-Jersey City,New York County,2425971.083,2012,Manhattan
10118,Zip,NY,NY,New York,New York-Newark-Jersey City,New York County,2602787.667,2013,Manhattan
10118,Zip,NY,NY,New York,New York-Newark-Jersey City,New York County,2763902.333,2014,Manhattan
10118,Zip,NY,NY,New York,New York-Newark-Jersey City,New York County,3033782.5,2015,Manhattan
10118,Zip,NY,NY,New York,New York-Newark-Jersey City,New York County,3005481.583,2016,Manhattan
10118,Zip,NY,NY,New York,New York-Newark-Jersey City,New York County,2977518.917,2017,Manhattan
10118,Zip,NY,NY,New York,New York-Newark-Jersey City,New York County,2741330.167,2018,Manhattan
10118,Zip,NY,NY,New York,New York-Newark-Jersey City,New York County,2249734.083,2019,Manhattan
10128,Zip,NY,NY,New York,New York-Newark-Jersey City,New York County,816162,2011,Manhattan
10128,Zip,NY,NY,New York,New York-Newark-Jersey City,New York County,825250.25,2012,Manhattan
10128,Zip,NY,NY,New York,New York-Newark-Jersey City,New York County,851669.9167,2013,Manhattan
10128,Zip,NY,NY,New York,New York-Newark-Jersey City,New York County,952640,2014,Manhattan
10128,Zip,NY,NY,New York,New York-Newark-Jersey City,New York County,1012993.25,2015,Manhattan
10128,Zip,NY,NY,New York,New York-Newark-Jersey City,New York County,1076217.583,2016,Manhattan
10128,Zip,NY,NY,New York,New York-Newark-Jersey City,New York County,1083815.444,2017,Manhattan
10128,Zip,NY,NY,New York,New York-Newark-Jersey City,New York County,1125419.667,2018,Manhattan
10128,Zip,NY,NY,New York,New York-Newark-Jersey City,New York County,1138828.333,2019,Manhattan
10280,Zip,NY,NY,New York,New York-Newark-Jersey City,New York County,723903.0833,2011,Manhattan
10280,Zip,NY,NY,New York,New York-Newark-Jersey City,New York County,738221.75,2012,Manhattan
10280,Zip,NY,NY,New York,New York-Newark-Jersey City,New York County,783484.3333,2013,Manhattan
10280,Zip,NY,NY,New York,New York-Newark-Jersey City,New York County,873175.5833,2014,Manhattan
10280,Zip,NY,NY,New York,New York-Newark-Jersey City,New York County,938402,2015,Manhattan
10280,Zip,NY,NY,New York,New York-Newark-Jersey City,New York County,996807.25,2016,Manhattan
10280,Zip,NY,NY,New York,New York-Newark-Jersey City,New York County,1032780.25,2017,Manhattan
10280,Zip,NY,NY,New York,New York-Newark-Jersey City,New York County,1030914.167,2018,Manhattan
10280,Zip,NY,NY,New York,New York-Newark-Jersey City,New York County,959084,2019,Manhattan
10282,Zip,NY,NY,New York,New York-Newark-Jersey City,New York County,1811301.833,2011,Manhattan
10282,Zip,NY,NY,New York,New York-Newark-Jersey City,New York County,1830211.333,2012,Manhattan
10282,Zip,NY,NY,New York,New York-Newark-Jersey City,New York County,1961862.167,2013,Manhattan
10282,Zip,NY,NY,New York,New York-Newark-Jersey City,New York County,2160280.25,2014,Manhattan
10282,Zip,NY,NY,New York,New York-Newark-Jersey City,New York County,2433362.333,2015,Manhattan
10282,Zip,NY,NY,New York,New York-Newark-Jersey City,New York County,2510864.333,2016,Manhattan
10282,Zip,NY,NY,New York,New York-Newark-Jersey City,New York County,2511112.833,2017,Manhattan
10282,Zip,NY,NY,New York,New York-Newark-Jersey City,New York County,2524990.75,2018,Manhattan
10282,Zip,NY,NY,New York,New York-Newark-Jersey City,New York County,2411517,2019,Manhattan
