RegionName,RegionType,StateName,State,City,Metro,CountyName,Average_Cost,Year,Borough
10301,Zip,NY,NY,New York,New York-Newark-Jersey City,Richmond County,422000.25,2011,Staten
10301,Zip,NY,NY,New York,New York-Newark-Jersey City,Richmond County,404444.0833,2012,Staten
10301,Zip,NY,NY,New York,New York-Newark-Jersey City,Richmond County,404674.25,2013,Staten
10301,Zip,NY,NY,New York,New York-Newark-Jersey City,Richmond County,421423,2014,Staten
10301,Zip,NY,NY,New York,New York-Newark-Jersey City,Richmond County,444118.75,2015,Staten
10301,Zip,NY,NY,New York,New York-Newark-Jersey City,Richmond County,483870.1667,2016,Staten
10301,Zip,NY,NY,New York,New York-Newark-Jersey City,Richmond County,533648.6667,2017,Staten
10301,Zip,NY,NY,New York,New York-Newark-Jersey City,Richmond County,584151.3333,2018,Staten
10301,Zip,NY,NY,New York,New York-Newark-Jersey City,Richmond County,588836.3333,2019,Staten
10302,Zip,NY,NY,New York,New York-Newark-Jersey City,Richmond County,345783.5,2011,Staten
10302,Zip,NY,NY,New York,New York-Newark-Jersey City,Richmond County,329182.75,2012,Staten
10302,Zip,NY,NY,New York,New York-Newark-Jersey City,Richmond County,330035.8333,2013,Staten
10302,Zip,NY,NY,New York,New York-Newark-Jersey City,Richmond County,337888.9167,2014,Staten
10302,Zip,NY,NY,New York,New York-Newark-Jersey City,Richmond County,350204.4167,2015,Staten
10302,Zip,NY,NY,New York,New York-Newark-Jersey City,Richmond County,382022.4167,2016,Staten
10302,Zip,NY,NY,New York,New York-Newark-Jersey City,Richmond County,428645.4167,2017,Staten
10302,Zip,NY,NY,New York,New York-Newark-Jersey City,Richmond County,463319.25,2018,Staten
10302,Zip,NY,NY,New York,New York-Newark-Jersey City,Richmond County,472440.3333,2019,Staten
10303,Zip,NY,NY,New York,New York-Newark-Jersey City,Richmond County,289423.4167,2011,Staten
10303,Zip,NY,NY,New York,New York-Newark-Jersey City,Richmond County,270793.5,2012,Staten
10303,Zip,NY,NY,New York,New York-Newark-Jersey City,Richmond County,269378.75,2013,Staten
10303,Zip,NY,NY,New York,New York-Newark-Jersey City,Richmond County,278454.0833,2014,Staten
10303,Zip,NY,NY,New York,New York-Newark-Jersey City,Richmond County,284270.0833,2015,Staten
10303,Zip,NY,NY,New York,New York-Newark-Jersey City,Richmond County,310411.8333,2016,Staten
10303,Zip,NY,NY,New York,New York-Newark-Jersey City,Richmond County,345915.4167,2017,Staten
10303,Zip,NY,NY,New York,New York-Newark-Jersey City,Richmond County,385125.5,2018,Staten
10303,Zip,NY,NY,New York,New York-Newark-Jersey City,Richmond County,394199.9167,2019,Staten
10304,Zip,NY,NY,New York,New York-Newark-Jersey City,Richmond County,387036.6667,2011,Staten
10304,Zip,NY,NY,New York,New York-Newark-Jersey City,Richmond County,369751.3333,2012,Staten
10304,Zip,NY,NY,New York,New York-Newark-Jersey City,Richmond County,376985.5833,2013,Staten
10304,Zip,NY,NY,New York,New York-Newark-Jersey City,Richmond County,389573.9167,2014,Staten
10304,Zip,NY,NY,New York,New York-Newark-Jersey City,Richmond County,407071.0833,2015,Staten
10304,Zip,NY,NY,New York,New York-Newark-Jersey City,Richmond County,443325.4167,2016,Staten
10304,Zip,NY,NY,New York,New York-Newark-Jersey City,Richmond County,491993.6667,2017,Staten
10304,Zip,NY,NY,New York,New York-Newark-Jersey City,Richmond County,548695.1667,2018,Staten
10304,Zip,NY,NY,New York,New York-Newark-Jersey City,Richmond County,558719.5833,2019,Staten
10305,Zip,NY,NY,New York,New York-Newark-Jersey City,Richmond County,397081.25,2011,Staten
10305,Zip,NY,NY,New York,New York-Newark-Jersey City,Richmond County,380709.9167,2012,Staten
10305,Zip,NY,NY,New York,New York-Newark-Jersey City,Richmond County,383672.9167,2013,Staten
10305,Zip,NY,NY,New York,New York-Newark-Jersey City,Richmond County,395990.5833,2014,Staten
10305,Zip,NY,NY,New York,New York-Newark-Jersey City,Richmond County,412298.9167,2015,Staten
10305,Zip,NY,NY,New York,New York-Newark-Jersey City,Richmond County,445089.75,2016,Staten
10305,Zip,NY,NY,New York,New York-Newark-Jersey City,Richmond County,492998.4167,2017,Staten
10305,Zip,NY,NY,New York,New York-Newark-Jersey City,Richmond County,552770.6667,2018,Staten
10305,Zip,NY,NY,New York,New York-Newark-Jersey City,Richmond County,564739.4167,2019,Staten
10306,Zip,NY,NY,New York,New York-Newark-Jersey City,Richmond County,432564.8333,2011,Staten
10306,Zip,NY,NY,New York,New York-Newark-Jersey City,Richmond County,413641.3333,2012,Staten
10306,Zip,NY,NY,New York,New York-Newark-Jersey City,Richmond County,418051.0833,2013,Staten
10306,Zip,NY,NY,New York,New York-Newark-Jersey City,Richmond County,431684.1667,2014,Staten
10306,Zip,NY,NY,New York,New York-Newark-Jersey City,Richmond County,440312.25,2015,Staten
10306,Zip,NY,NY,New York,New York-Newark-Jersey City,Richmond County,466994.0833,2016,Staten
10306,Zip,NY,NY,New York,New York-Newark-Jersey City,Richmond County,515847.0833,2017,Staten
10306,Zip,NY,NY,New York,New York-Newark-Jersey City,Richmond County,574505.9167,2018,Staten
10306,Zip,NY,NY,New York,New York-Newark-Jersey City,Richmond County,584296.1667,2019,Staten
10307,Zip,NY,NY,New York,New York-Newark-Jersey City,Richmond County,523830.3333,2011,Staten
10307,Zip,NY,NY,New York,New York-Newark-Jersey City,Richmond County,510925,2012,Staten
10307,Zip,NY,NY,New York,New York-Newark-Jersey City,Richmond County,497340.1667,2013,Staten
10307,Zip,NY,NY,New York,New York-Newark-Jersey City,Richmond County,515982.0833,2014,Staten
10307,Zip,NY,NY,New York,New York-Newark-Jersey City,Richmond County,518240,2015,Staten
10307,Zip,NY,NY,New York,New York-Newark-Jersey City,Richmond County,547010.4167,2016,Staten
10307,Zip,NY,NY,New York,New York-Newark-Jersey City,Richmond County,596267.9167,2017,Staten
10307,Zip,NY,NY,New York,New York-Newark-Jersey City,Richmond County,640675.25,2018,Staten
10307,Zip,NY,NY,New York,New York-Newark-Jersey City,Richmond County,653173.3333,2019,Staten
10308,Zip,NY,NY,New York,New York-Newark-Jersey City,Richmond County,422596,2011,Staten
10308,Zip,NY,NY,New York,New York-Newark-Jersey City,Richmond County,408305.75,2012,Staten
10308,Zip,NY,NY,New York,New York-Newark-Jersey City,Richmond County,413881.8333,2013,Staten
10308,Zip,NY,NY,New York,New York-Newark-Jersey City,Richmond County,431556.8333,2014,Staten
10308,Zip,NY,NY,New York,New York-Newark-Jersey City,Richmond County,438088.5833,2015,Staten
10308,Zip,NY,NY,New York,New York-Newark-Jersey City,Richmond County,464751.5,2016,Staten
10308,Zip,NY,NY,New York,New York-Newark-Jersey City,Richmond County,508610.75,2017,Staten
10308,Zip,NY,NY,New York,New York-Newark-Jersey City,Richmond County,556478.1667,2018,Staten
10308,Zip,NY,NY,New York,New York-Newark-Jersey City,Richmond County,562415.8333,2019,Staten
10309,Zip,NY,NY,New York,New York-Newark-Jersey City,Richmond County,464214.0833,2011,Staten
10309,Zip,NY,NY,New York,New York-Newark-Jersey City,Richmond County,450954.0833,2012,Staten
10309,Zip,NY,NY,New York,New York-Newark-Jersey City,Richmond County,450923.3333,2013,Staten
10309,Zip,NY,NY,New York,New York-Newark-Jersey City,Richmond County,471564.75,2014,Staten
10309,Zip,NY,NY,New York,New York-Newark-Jersey City,Richmond County,478627.4167,2015,Staten
10309,Zip,NY,NY,New York,New York-Newark-Jersey City,Richmond County,505003.0833,2016,Staten
10309,Zip,NY,NY,New York,New York-Newark-Jersey City,Richmond County,552486.25,2017,Staten
10309,Zip,NY,NY,New York,New York-Newark-Jersey City,Richmond County,598296.75,2018,Staten
10309,Zip,NY,NY,New York,New York-Newark-Jersey City,Richmond County,609544.4167,2019,Staten
10310,Zip,NY,NY,New York,New York-Newark-Jersey City,Richmond County,388703.4167,2011,Staten
10310,Zip,NY,NY,New York,New York-Newark-Jersey City,Richmond County,371076.25,2012,Staten
10310,Zip,NY,NY,New York,New York-Newark-Jersey City,Richmond County,374501.6667,2013,Staten
10310,Zip,NY,NY,New York,New York-Newark-Jersey City,Richmond County,390367.4167,2014,Staten
10310,Zip,NY,NY,New York,New York-Newark-Jersey City,Richmond County,405983.1667,2015,Staten
10310,Zip,NY,NY,New York,New York-Newark-Jersey City,Richmond County,439575.8333,2016,Staten
10310,Zip,NY,NY,New York,New York-Newark-Jersey City,Richmond County,482707.5,2017,Staten
10310,Zip,NY,NY,New York,New York-Newark-Jersey City,Richmond County,536066.5,2018,Staten
10310,Zip,NY,NY,New York,New York-Newark-Jersey City,Richmond County,543553.9167,2019,Staten
10312,Zip,NY,NY,New York,New York-Newark-Jersey City,Richmond County,433582.5833,2011,Staten
10312,Zip,NY,NY,New York,New York-Newark-Jersey City,Richmond County,418841.1667,2012,Staten
10312,Zip,NY,NY,New York,New York-Newark-Jersey City,Richmond County,420205.4167,2013,Staten
10312,Zip,NY,NY,New York,New York-Newark-Jersey City,Richmond County,440650.8333,2014,Staten
10312,Zip,NY,NY,New York,New York-Newark-Jersey City,Richmond County,447091.75,2015,Staten
10312,Zip,NY,NY,New York,New York-Newark-Jersey City,Richmond County,474815,2016,Staten
10312,Zip,NY,NY,New York,New York-Newark-Jersey City,Richmond County,520624.1667,2017,Staten
10312,Zip,NY,NY,New York,New York-Newark-Jersey City,Richmond County,566078.25,2018,Staten
10312,Zip,NY,NY,New York,New York-Newark-Jersey City,Richmond County,576191,2019,Staten
10314,Zip,NY,NY,New York,New York-Newark-Jersey City,Richmond County,383313.4167,2011,Staten
10314,Zip,NY,NY,New York,New York-Newark-Jersey City,Richmond County,371251.8333,2012,Staten
10314,Zip,NY,NY,New York,New York-Newark-Jersey City,Richmond County,380716.9167,2013,Staten
10314,Zip,NY,NY,New York,New York-Newark-Jersey City,Richmond County,397301.0833,2014,Staten
10314,Zip,NY,NY,New York,New York-Newark-Jersey City,Richmond County,413120.8333,2015,Staten
10314,Zip,NY,NY,New York,New York-Newark-Jersey City,Richmond County,444450.6667,2016,Staten
10314,Zip,NY,NY,New York,New York-Newark-Jersey City,Richmond County,497383.1667,2017,Staten
10314,Zip,NY,NY,New York,New York-Newark-Jersey City,Richmond County,550339.4167,2018,Staten
10314,Zip,NY,NY,New York,New York-Newark-Jersey City,Richmond County,556731.0833,2019,Staten
